Type;File;Inner Cond.;Depends on;Inner No.;Depends on No.;Excluded Condition;Variable;Permanent Parents
permanent nesting depends;./drivers/rtc/rtc-ds1685.c;!(CONFIG_RTC_DRV_DS1685) && !(CONFIG_RTC_DRV_DS1689);((CONFIG_RTC_LIB && (CONFIG_RTC_DRV_DS1685_FAMILY || CONFIG_RTC_DRV_DS1685_FAMILY_MODULE))) && ((CONFIG_RTC_DS1685_PROC_REGS) && (CONFIG_PROC_FS));866;855;CONFIG_PROC_FS, CONFIG_RTC_DRV_DS1685, !CONFIG_RTC_DRV_DS1685_FAMILY_MODULE, !CONFIG_RTC_DS1685_PROC_REGS, CONFIG_RTC_DRV_DS1685_FAMILY, !CONFIG_RTC_DRV_DS1689, CONFIG_RTC_LI;CONFIG_RTC_DRV_DS1685;[CONFIG_RTC_DRV_DS1685_FAMILY_MODULE, CONFIG_RTC_DRV_DS1685_FAMILY, CONFIG_RTC_LIB]
permanent nesting depends;./drivers/rtc/rtc-ds1685.c;! CONFIG_RTC_DRV_DS1685;((CONFIG_RTC_LIB && (CONFIG_RTC_DRV_DS1685_FAMILY || CONFIG_RTC_DRV_DS1685_FAMILY_MODULE))) && ((! CONFIG_RTC_DRV_DS1689) && (CONFIG_SYSFS));964;960;CONFIG_RTC_DRV_DS1685, !CONFIG_RTC_DRV_DS1685_FAMILY_MODULE, CONFIG_RTC_DRV_DS1685_FAMILY, !CONFIG_RTC_DRV_DS1689, CONFIG_RTC_LIB, !CONFIG_SYSF;CONFIG_RTC_DRV_DS1685;[CONFIG_RTC_DRV_DS1685_FAMILY_MODULE, CONFIG_RTC_DRV_DS1685_FAMILY, CONFIG_RTC_LIB]
permanent nesting depends;./drivers/rtc/rtc-ds1685.c;CONFIG_RTC_DRV_DS1685;((CONFIG_RTC_LIB && (CONFIG_RTC_DRV_DS1685_FAMILY || CONFIG_RTC_DRV_DS1685_FAMILY_MODULE))) && ((! CONFIG_RTC_DRV_DS1689) && (CONFIG_SYSFS));979;960;CONFIG_RTC_DRV_DS1685, !CONFIG_RTC_DRV_DS1685_FAMILY_MODULE, CONFIG_RTC_DRV_DS1685_FAMILY, !CONFIG_RTC_DRV_DS1689, CONFIG_RTC_LIB, !CONFIG_SYSF;CONFIG_RTC_DRV_DS1685;[CONFIG_RTC_DRV_DS1685_FAMILY_MODULE, CONFIG_RTC_DRV_DS1685_FAMILY, CONFIG_RTC_LIB]
permanent nesting depends;./drivers/rtc/rtc-ds1685.c;! CONFIG_RTC_DRV_DS1685;((CONFIG_RTC_LIB && (CONFIG_RTC_DRV_DS1685_FAMILY || CONFIG_RTC_DRV_DS1685_FAMILY_MODULE))) && ((! CONFIG_RTC_DRV_DS1689) && (CONFIG_SYSFS));989;960;CONFIG_RTC_DRV_DS1685, !CONFIG_RTC_DRV_DS1685_FAMILY_MODULE, CONFIG_RTC_DRV_DS1685_FAMILY, !CONFIG_RTC_DRV_DS1689, CONFIG_RTC_LIB, !CONFIG_SYSF;CONFIG_RTC_DRV_DS1685;[CONFIG_RTC_DRV_DS1685_FAMILY_MODULE, CONFIG_RTC_DRV_DS1685_FAMILY, CONFIG_RTC_LIB]
permanent nesting depends;./drivers/rtc/rtc-ds1685.c;! CONFIG_RTC_DRV_DS1685;((CONFIG_RTC_LIB && (CONFIG_RTC_DRV_DS1685_FAMILY || CONFIG_RTC_DRV_DS1685_FAMILY_MODULE))) && ((! CONFIG_RTC_DRV_DS1689) && (CONFIG_SYSFS));1044;1040;CONFIG_RTC_DRV_DS1685, !CONFIG_RTC_DRV_DS1685_FAMILY_MODULE, CONFIG_RTC_DRV_DS1685_FAMILY, !CONFIG_RTC_DRV_DS1689, CONFIG_RTC_LIB, !CONFIG_SYSF;CONFIG_RTC_DRV_DS1685;[CONFIG_RTC_DRV_DS1685_FAMILY_MODULE, CONFIG_RTC_DRV_DS1685_FAMILY, CONFIG_RTC_LIB]
permanent nesting depends;./drivers/rtc/rtc-ds1685.c;CONFIG_RTC_DRV_DS1685;((CONFIG_RTC_LIB && (CONFIG_RTC_DRV_DS1685_FAMILY || CONFIG_RTC_DRV_DS1685_FAMILY_MODULE))) && ((! CONFIG_RTC_DRV_DS1689) && (CONFIG_SYSFS));1059;1040;CONFIG_RTC_DRV_DS1685, !CONFIG_RTC_DRV_DS1685_FAMILY_MODULE, CONFIG_RTC_DRV_DS1685_FAMILY, !CONFIG_RTC_DRV_DS1689, CONFIG_RTC_LIB, !CONFIG_SYSF;CONFIG_RTC_DRV_DS1685;[CONFIG_RTC_DRV_DS1685_FAMILY_MODULE, CONFIG_RTC_DRV_DS1685_FAMILY, CONFIG_RTC_LIB]
permanent nesting depends;./drivers/rtc/rtc-ds1685.c;! CONFIG_RTC_DRV_DS1685;((CONFIG_RTC_LIB && (CONFIG_RTC_DRV_DS1685_FAMILY || CONFIG_RTC_DRV_DS1685_FAMILY_MODULE))) && ((! CONFIG_RTC_DRV_DS1689) && (CONFIG_SYSFS));1069;1040;CONFIG_RTC_DRV_DS1685, !CONFIG_RTC_DRV_DS1685_FAMILY_MODULE, CONFIG_RTC_DRV_DS1685_FAMILY, !CONFIG_RTC_DRV_DS1689, CONFIG_RTC_LIB, !CONFIG_SYSF;CONFIG_RTC_DRV_DS1685;[CONFIG_RTC_DRV_DS1685_FAMILY_MODULE, CONFIG_RTC_DRV_DS1685_FAMILY, CONFIG_RTC_LIB]
permanent nesting depends;./drivers/rtc/rtc-ds1685.c;!(CONFIG_RTC_DRV_DS1685) && !(CONFIG_RTC_DRV_DS1689);((CONFIG_RTC_LIB && (CONFIG_RTC_DRV_DS1685_FAMILY || CONFIG_RTC_DRV_DS1685_FAMILY_MODULE))) && ((CONFIG_RTC_DS1685_SYSFS_REGS) && (CONFIG_SYSFS));1236;1191;CONFIG_RTC_DRV_DS1685, !CONFIG_RTC_DRV_DS1685_FAMILY_MODULE, CONFIG_RTC_DRV_DS1685_FAMILY, !CONFIG_RTC_DRV_DS1689, !CONFIG_RTC_DS1685_SYSFS_REGS, CONFIG_RTC_LIB, CONFIG_SYSF;CONFIG_RTC_DRV_DS1685;[CONFIG_RTC_DRV_DS1685_FAMILY_MODULE, CONFIG_RTC_DRV_DS1685_FAMILY, CONFIG_RTC_LIB]
permanent nesting depends;./drivers/rtc/rtc-ds1685.c;!(CONFIG_RTC_DRV_DS1685) && !(CONFIG_RTC_DRV_DS1689);((CONFIG_RTC_LIB && (CONFIG_RTC_DRV_DS1685_FAMILY || CONFIG_RTC_DRV_DS1685_FAMILY_MODULE))) && ((CONFIG_RTC_DS1685_SYSFS_REGS) && (CONFIG_SYSFS));1469;1191;CONFIG_RTC_DRV_DS1685, !CONFIG_RTC_DRV_DS1685_FAMILY_MODULE, CONFIG_RTC_DRV_DS1685_FAMILY, !CONFIG_RTC_DRV_DS1689, !CONFIG_RTC_DS1685_SYSFS_REGS, CONFIG_RTC_LIB, CONFIG_SYSF;CONFIG_RTC_DRV_DS1685;[CONFIG_RTC_DRV_DS1685_FAMILY_MODULE, CONFIG_RTC_DRV_DS1685_FAMILY, CONFIG_RTC_LIB]
permanent nesting depends;./drivers/rtc/rtc-ds1685.c;!(CONFIG_RTC_DRV_DS1685) && !(CONFIG_RTC_DRV_DS1689);((CONFIG_RTC_LIB && (CONFIG_RTC_DRV_DS1685_FAMILY || CONFIG_RTC_DRV_DS1685_FAMILY_MODULE))) && ((CONFIG_RTC_DS1685_SYSFS_REGS) && (CONFIG_SYSFS));1481;1191;CONFIG_RTC_DRV_DS1685, !CONFIG_RTC_DRV_DS1685_FAMILY_MODULE, CONFIG_RTC_DRV_DS1685_FAMILY, !CONFIG_RTC_DRV_DS1689, !CONFIG_RTC_DS1685_SYSFS_REGS, CONFIG_RTC_LIB, CONFIG_SYSF;CONFIG_RTC_DRV_DS1685;[CONFIG_RTC_DRV_DS1685_FAMILY_MODULE, CONFIG_RTC_DRV_DS1685_FAMILY, CONFIG_RTC_LIB]
permanent nesting depends;./drivers/rtc/rtc-ds1685.c;!(CONFIG_RTC_DRV_DS1685) && !(CONFIG_RTC_DRV_DS1689);((CONFIG_RTC_LIB && (CONFIG_RTC_DRV_DS1685_FAMILY || CONFIG_RTC_DRV_DS1685_FAMILY_MODULE))) && ((CONFIG_RTC_DS1685_PROC_REGS) && (CONFIG_PROC_FS));866;855;CONFIG_PROC_FS, !CONFIG_RTC_DRV_DS1685, !CONFIG_RTC_DRV_DS1685_FAMILY_MODULE, !CONFIG_RTC_DS1685_PROC_REGS, CONFIG_RTC_DRV_DS1685_FAMILY, CONFIG_RTC_DRV_DS1689, CONFIG_RTC_LI;CONFIG_RTC_DRV_DS1689;[CONFIG_RTC_DRV_DS1685_FAMILY_MODULE, CONFIG_RTC_DRV_DS1685_FAMILY, CONFIG_RTC_LIB]
permanent nesting depends;./drivers/rtc/rtc-ds1685.c;! CONFIG_RTC_DRV_DS1689;((CONFIG_RTC_LIB && (CONFIG_RTC_DRV_DS1685_FAMILY || CONFIG_RTC_DRV_DS1685_FAMILY_MODULE))) && (CONFIG_SYSFS);960;927;!CONFIG_RTC_DRV_DS1685_FAMILY_MODULE, CONFIG_RTC_DRV_DS1685_FAMILY, CONFIG_RTC_DRV_DS1689, CONFIG_RTC_LIB, !CONFIG_SYSF;CONFIG_RTC_DRV_DS1689;[CONFIG_RTC_DRV_DS1685_FAMILY_MODULE, CONFIG_RTC_DRV_DS1685_FAMILY, CONFIG_RTC_LIB]
permanent nesting depends;./drivers/rtc/rtc-ds1685.c;! CONFIG_RTC_DRV_DS1689;((CONFIG_RTC_LIB && (CONFIG_RTC_DRV_DS1685_FAMILY || CONFIG_RTC_DRV_DS1685_FAMILY_MODULE))) && (CONFIG_SYSFS);1040;927;!CONFIG_RTC_DRV_DS1685_FAMILY_MODULE, CONFIG_RTC_DRV_DS1685_FAMILY, CONFIG_RTC_DRV_DS1689, CONFIG_RTC_LIB, !CONFIG_SYSF;CONFIG_RTC_DRV_DS1689;[CONFIG_RTC_DRV_DS1685_FAMILY_MODULE, CONFIG_RTC_DRV_DS1685_FAMILY, CONFIG_RTC_LIB]
permanent nesting depends;./drivers/rtc/rtc-ds1685.c;!(CONFIG_RTC_DRV_DS1685) && !(CONFIG_RTC_DRV_DS1689);((CONFIG_RTC_LIB && (CONFIG_RTC_DRV_DS1685_FAMILY || CONFIG_RTC_DRV_DS1685_FAMILY_MODULE))) && ((CONFIG_RTC_DS1685_SYSFS_REGS) && (CONFIG_SYSFS));1236;1191;!CONFIG_RTC_DRV_DS1685, !CONFIG_RTC_DRV_DS1685_FAMILY_MODULE, CONFIG_RTC_DRV_DS1685_FAMILY, CONFIG_RTC_DRV_DS1689, !CONFIG_RTC_DS1685_SYSFS_REGS, CONFIG_RTC_LIB, CONFIG_SYSF;CONFIG_RTC_DRV_DS1689;[CONFIG_RTC_DRV_DS1685_FAMILY_MODULE, CONFIG_RTC_DRV_DS1685_FAMILY, CONFIG_RTC_LIB]
permanent nesting depends;./drivers/rtc/rtc-ds1685.c;!(CONFIG_RTC_DRV_DS1685) && !(CONFIG_RTC_DRV_DS1689);((CONFIG_RTC_LIB && (CONFIG_RTC_DRV_DS1685_FAMILY || CONFIG_RTC_DRV_DS1685_FAMILY_MODULE))) && ((CONFIG_RTC_DS1685_SYSFS_REGS) && (CONFIG_SYSFS));1469;1191;!CONFIG_RTC_DRV_DS1685, !CONFIG_RTC_DRV_DS1685_FAMILY_MODULE, CONFIG_RTC_DRV_DS1685_FAMILY, CONFIG_RTC_DRV_DS1689, !CONFIG_RTC_DS1685_SYSFS_REGS, CONFIG_RTC_LIB, CONFIG_SYSF;CONFIG_RTC_DRV_DS1689;[CONFIG_RTC_DRV_DS1685_FAMILY_MODULE, CONFIG_RTC_DRV_DS1685_FAMILY, CONFIG_RTC_LIB]
permanent nesting depends;./drivers/rtc/rtc-ds1685.c;!(CONFIG_RTC_DRV_DS1685) && !(CONFIG_RTC_DRV_DS1689);((CONFIG_RTC_LIB && (CONFIG_RTC_DRV_DS1685_FAMILY || CONFIG_RTC_DRV_DS1685_FAMILY_MODULE))) && ((CONFIG_RTC_DS1685_SYSFS_REGS) && (CONFIG_SYSFS));1481;1191;!CONFIG_RTC_DRV_DS1685, !CONFIG_RTC_DRV_DS1685_FAMILY_MODULE, CONFIG_RTC_DRV_DS1685_FAMILY, CONFIG_RTC_DRV_DS1689, !CONFIG_RTC_DS1685_SYSFS_REGS, CONFIG_RTC_LIB, CONFIG_SYSF;CONFIG_RTC_DRV_DS1689;[CONFIG_RTC_DRV_DS1685_FAMILY_MODULE, CONFIG_RTC_DRV_DS1685_FAMILY, CONFIG_RTC_LIB]
